max_multiplier,seed,regret,beats_status_quo,achievable_lift_share,channels_on_upper_bound,channels_zeroed_model,channels_zeroed_truth
1.3,0,0.6450353573,1,0.0113995067,2,0,1
1.3,1,2.673757146,0,0.0115353637,3,1,1
1.3,2,1.214718995,0,0.01088245056,1,2,1
1.3,3,2.659524407,0,0.01139071944,3,1,1
1.3,4,2.668363835,0,0.01134983725,3,1,1
1.3,5,0.5027336464,1,0.01099194859,2,1,1
1.3,6,2.786468197,0,0.01125056872,1,1,1
1.3,7,0.2105431955,1,0.01147926954,0,1,1
1.3,9,2.720628381,0,0.01102136678,3,1,1
1.3,10,2.86082625,0,0.01146301324,2,1,1
1.3,11,1.312696188,0,0.01109134131,2,0,1
1.3,12,2.959789814,0,0.01104700212,3,1,1
1.3,13,1.371263572,0,0.01085530625,2,1,1
1.3,14,2.900636996,0,0.01044747886,3,1,1
1.3,15,1.504467109,0,0.01154117552,1,1,1
1.3,16,0.1500343068,1,0.01066686811,0,1,1
1.3,17,2.858337917,0,0.01129874292,1,1,1
1.3,18,0.4392495537,1,0.01122262072,0,1,1
1.3,19,1.590786093,0,0.01114762713,2,1,1
1.3,20,2.604981514,0,0.01173755985,2,1,1
1.3,21,1.360298086,0,0.01093217982,1,0,1
1.3,22,2.950645918,0,0.01122803927,3,1,1
1.3,23,0.8017796132,1,0.01097618296,0,0,1
1.3,24,1.442769197,0,0.01129583684,2,1,1
1.3,25,3.020407428,0,0.01095948664,3,1,1
1.3,26,1.569663329,0,0.01101595367,1,0,1
1.3,27,3.012758603,0,0.01100939402,2,1,1
1.3,28,2.778178839,0,0.01088588255,1,1,1
1.3,29,2.769253799,0,0.01098331009,1,1,1
1.3,30,2.498151705,0,0.01121126174,3,1,1
1.3,31,0.6654605811,1,0.0112242756,2,1,1
1.3,32,0.5323073646,1,0.01098187766,1,1,1
1.3,33,1.22214965,0,0.01145935306,2,1,1
1.3,34,0.03687431957,1,0.01153440911,0,1,1
1.3,35,2.439733777,0,0.01120921081,2,1,1
1.3,36,3.073793185,0,0.01100480622,3,1,1
1.3,37,0.458080676,1,0.01138718381,1,0,1
1.3,38,2.759089542,0,0.01115814316,2,0,1
1.3,39,1.298296981,0,0.01149206391,1,1,1
1.3,40,1.592805763,0,0.01146345235,2,1,1
1.3,41,1.605171501,0,0.01126612457,1,1,1
1.3,42,0.4294356488,1,0.0118521134,0,0,1
1.3,43,2.50110317,0,0.01150890778,3,1,1
1.3,44,2.591638816,0,0.01058396941,3,1,1
1.3,45,1.619135919,0,0.01112032932,2,1,1
1.3,46,2.754457007,0,0.01095666663,2,1,1
1.3,47,1.526119101,0,0.01118529801,1,1,1
1.3,48,1.169258399,0,0.01120138929,2,2,1
1.3,49,2.740404868,0,0.01108750611,3,1,1
1.3,50,1.289805103,0,0.01180192365,2,1,1
1.3,51,1.061263024,0,0.01108157378,0,0,1
1.3,52,1.283325907,0,0.01093708079,2,1,1
1.3,53,1.162191134,0,0.0111463024,2,2,1
1.3,54,0.5051691232,1,0.01192336256,0,0,1
1.3,55,1.476416138,0,0.01121187136,0,1,1
1.3,56,0.3044631023,1,0.01179608469,1,1,1
1.3,57,1.843895117,0,0.01193249417,2,0,1
1.3,58,0.3757338939,1,0.01098394062,2,1,1
1.3,59,2.51232911,0,0.01130345101,3,1,1
1.3,60,2.678841539,0,0.01139661479,3,1,1
1.3,61,0.497078602,1,0.01117590024,1,0,1
1.3,62,0.2312460306,1,0.01132646463,0,1,1
1.3,63,0.9775000377,1,0.0111727217,1,0,1
1.3,64,0.9710463445,1,0.01132913784,0,0,1
1.3,65,0.1269190526,1,0.01146874599,1,1,1
1.3,66,2.996583121,0,0.0111859025,2,1,1
1.3,67,1.373683359,0,0.01148274699,2,1,1
1.3,68,1.203389113,0,0.01070762587,2,2,1
1.3,69,1.223433105,0,0.01130258004,2,1,1
1.3,70,2.670003018,0,0.01107725128,1,1,1
1.3,71,0.6218632552,1,0.01142200283,1,0,1
1.3,72,1.321327877,0,0.01129314593,1,1,1
1.3,73,1.453879225,0,0.01156671975,1,1,1
1.3,74,3.145250692,0,0.01136716555,4,0,1
1.3,75,2.75293899,0,0.01102943232,3,1,1
1.3,76,1.463921562,0,0.01125537431,3,1,1
1.3,77,2.715301336,0,0.01138497734,1,1,1
1.3,79,2.606760192,0,0.01138723709,1,1,1
1.3,80,1.081086958,0,0.01100583229,1,0,1
1.3,81,2.408608776,0,0.01192770544,1,1,1
1.3,82,1.412590177,0,0.01133640404,1,1,1
1.3,83,2.634312281,0,0.01122309313,1,1,1
1.3,84,1.48490711,0,0.01059381484,1,1,1
1.3,85,2.831319191,0,0.01072852676,3,1,1
1.3,86,0.4610417887,1,0.01122975544,1,1,1
1.3,87,2.790593252,0,0.01097937691,3,1,1
1.3,88,0.8725982406,1,0.01133221292,1,0,1
1.3,89,2.399228629,0,0.01158908917,1,1,1
1.3,90,0.2947884231,1,0.01122133245,1,1,1
1.3,91,1.382327548,0,0.01173262433,1,1,1
1.3,92,1.828584281,0,0.01096476432,2,1,1
1.3,93,0.5170844266,1,0.01192279613,1,0,1
1.3,94,0.8463069746,1,0.01164409438,0,0,1
1.3,95,2.87246119,0,0.01097466764,1,1,1
1.3,96,2.705627907,0,0.01132068782,3,1,1
1.3,97,0.4144149109,1,0.01119405864,1,1,1
1.3,98,1.137081689,0,0.01093936773,1,0,1
1.3,99,3.142293919,0,0.01128063499,3,0,1
1.3,100,1.533355092,0,0.01079707563,1,0,1
1.3,101,0.5732199285,1,0.01161737464,1,0,1
1.3,102,0.5845866326,1,0.01112348439,1,0,1
1.3,103,1.335339887,0,0.01126904865,1,1,1
1.3,104,2.314794834,0,0.01161759178,2,1,1
1.3,105,0.1978681692,1,0.01088465738,0,0,1
1.3,106,1.627981403,0,0.01113094802,2,1,1
1.3,107,0.7524089456,1,0.01181124927,1,0,1
1.3,108,3.123253784,0,0.01113108614,4,0,1
1.3,109,0.8892685715,1,0.01084666399,0,0,1
1.3,110,2.574456784,0,0.01103002645,0,1,1
1.3,111,2.860523229,0,0.01162952471,3,1,1
1.3,112,0.8132564277,1,0.01128064,0,0,1
1.3,113,1.094301722,0,0.01162536638,1,0,1
1.3,114,0.6923545345,1,0.01131192062,1,0,1
1.3,115,1.40649154,0,0.0114918771,1,0,1
1.3,116,0.9001795546,1,0.01151018968,2,1,1
1.3,117,1.00613521,0,0.01128466013,1,0,1
1.3,118,3.001938032,0,0.01111050295,2,1,1
1.3,119,2.702313122,0,0.01162942159,2,1,1
1.3,120,2.43111436,0,0.01152121912,1,1,1
1.3,121,1.378519049,0,0.01159323161,3,1,1
1.3,122,2.417989258,0,0.0118963716,2,1,1
1.3,123,1.538041989,0,0.01086526756,1,1,1
1.3,124,1.885251118,0,0.01062574375,2,0,1
1.3,125,0.3250085718,1,0.01156053517,2,1,1
1.3,126,2.931836705,0,0.01117354103,3,1,1
1.3,127,1.507275235,0,0.01150301006,2,0,1
1.3,128,1.138444549,0,0.01089372547,1,0,1
1.3,129,1.377516618,0,0.01141316004,1,0,1
1.3,130,2.721023372,0,0.01082785539,0,1,1
1.3,131,1.277133122,0,0.01075961628,2,1,1
1.3,132,0.6266118906,1,0.01103507742,2,1,1
1.3,133,0.5999381742,1,0.011387956,0,1,1
1.3,134,2.635066719,0,0.01163960461,2,1,1
1.3,135,2.304433832,0,0.01179356893,2,1,1
1.3,136,0.6703017132,1,0.01099428032,1,0,1
1.3,137,2.636998458,0,0.01163938828,3,1,1
1.3,138,3.091840749,0,0.01087094006,2,1,1
1.3,139,2.784815523,0,0.01129973811,2,1,1
1.3,140,0.8686557308,1,0.01146135941,0,0,1
1.3,141,2.775603948,0,0.01151205692,1,1,1
1.3,142,0.7372238548,1,0.01122739634,1,0,1
1.3,143,1.017315775,0,0.0111063612,1,0,1
1.3,144,1.347836472,0,0.01149873997,2,1,1
1.3,145,0.09006121695,1,0.01114157053,1,1,1
1.3,146,2.742616284,0,0.01114442431,1,1,1
1.3,147,1.22145261,0,0.01117911798,2,1,1
1.3,148,0.4460802075,1,0.01111901384,1,1,1
1.3,149,0.02055316993,1,0.01160421686,1,1,1
1.3,150,2.432989409,0,0.01138379053,2,1,1
1.3,151,0.6352627889,1,0.01093521131,1,0,1
1.3,152,0.3152478772,1,0.01174375674,2,1,1
1.3,153,2.797177826,0,0.01115158955,2,1,1
1.3,154,1.43827947,0,0.01115380137,1,1,1
1.3,155,2.512786956,0,0.01131236417,3,1,1
1.3,156,1.941955789,0,0.01070138356,1,1,1
1.3,157,1.406165364,0,0.01130850046,1,1,1
1.3,158,1.318861549,0,0.01129100443,1,1,1
1.3,159,1.730907827,0,0.01126434067,1,1,1
1.3,160,1.194825971,0,0.0117739821,1,1,1
1.3,161,1.263796278,0,0.01149679389,2,1,1
1.3,162,1.418184393,0,0.01093794337,1,1,1
1.3,163,0.5190516664,1,0.01096134521,0,0,1
1.3,164,2.658083158,0,0.01114686603,2,1,1
1.3,165,2.51713091,0,0.01128314959,2,1,1
1.3,166,1.406872693,0,0.01138742518,1,1,1
1.3,167,0.4594157942,1,0.01092220017,2,0,1
1.3,168,2.617980131,0,0.01170231437,3,1,1
1.3,169,0.1878251381,1,0.01101350238,1,1,1
1.3,170,1.952762343,0,0.01153000968,2,1,1
1.3,171,2.737370528,0,0.0112374772,3,1,1
1.3,172,0.8766572053,1,0.01127108405,1,0,1
1.3,173,0.6411893243,1,0.01164357346,1,0,1
1.3,174,1.604664278,0,0.01097531731,2,1,1
1.3,175,0.182050591,1,0.01173520609,1,1,1
1.3,176,2.867496702,0,0.01155098183,3,1,1
1.3,177,0.690138401,1,0.01117786082,0,0,1
1.3,178,2.347703123,0,0.01152300027,2,1,1
1.3,179,1.693541335,0,0.01092527687,1,1,1
1.3,180,2.567363956,0,0.01162921772,2,1,1
1.3,181,1.257619271,0,0.01025826159,0,0,1
1.3,182,0.5093880643,1,0.01137187138,0,0,1
1.3,183,0.08241126026,1,0.01123701317,1,1,1
1.3,184,0.3083742048,1,0.01055650026,2,1,1
1.3,185,1.181989276,0,0.01134154928,2,2,1
1.3,186,2.890397631,0,0.01057518134,3,1,1
1.3,187,0.8326787601,1,0.01168841669,0,0,1
1.3,188,0.6130680691,1,0.01130364036,1,0,1
1.3,189,1.189510807,0,0.01108637588,2,2,1
1.3,190,1.314159988,0,0.01095770029,2,1,1
1.3,191,0.716267848,1,0.0115509243,1,0,1
1.3,192,0.2335787766,1,0.01082996787,0,1,1
1.3,193,2.82733578,0,0.011014389,2,1,1
1.3,194,2.398219295,0,0.01148957588,1,1,1
1.3,195,1.12208456,0,0.01147830341,0,0,1
1.3,196,0.1517645743,1,0.01127009525,1,1,1
1.3,197,2.53700425,0,0.01097292079,3,1,1
1.3,198,2.978887211,0,0.01171736441,3,0,1
1.3,199,1.352526826,0,0.01165487486,2,1,1
1.5,0,1.330283212,0,0.01173353762,2,1,1
1.5,1,3.096195087,0,0.0120633535,3,1,1
1.5,2,1.061775792,0,0.01114675476,0,2,1
1.5,3,2.530325242,0,0.01169833353,2,2,1
1.5,4,2.466627803,0,0.01175862172,0,1,1
1.5,5,2.679780679,0,0.01130641941,2,2,1
1.5,6,2.975536511,0,0.01160322499,1,1,1
1.5,7,0.2413624941,1,0.01194560754,0,1,1
1.5,8,2.580973671,0,0.01098918845,0,1,1
1.5,9,4.097294117,0,0.011340044,3,1,1
1.5,10,2.875384327,0,0.01177286186,1,1,1
1.5,11,2.812721609,0,0.0114725504,1,1,1
1.5,12,3.367395992,0,0.0112791428,2,1,1
1.5,13,1.278056987,0,0.01117413009,1,1,1
1.5,14,3.793510413,0,0.01056962944,3,1,1
1.5,15,1.408626711,0,0.01194550317,1,1,1
1.5,16,0.1640970461,1,0.01084632798,0,1,1
1.5,17,2.864106313,0,0.01170671204,0,1,1
1.5,18,0.4570706092,1,0.01159099473,0,1,1
1.5,19,1.422186593,0,0.01152233558,1,1,1
1.5,20,2.40760891,0,0.01230071522,1,2,1
1.5,21,1.394650658,0,0.01115099576,1,0,1
1.5,22,2.71293782,0,0.01158522536,1,1,1
1.5,23,0.8085489911,1,0.01136428685,0,0,1
1.5,24,3.499682575,0,0.01168126924,1,2,1
1.5,25,2.808170501,0,0.01126043056,1,1,1
1.5,26,1.677811334,0,0.01134785591,0,0,1
1.5,27,2.72473418,0,0.01132966693,1,1,1
1.5,28,2.560713434,0,0.01116880493,1,1,1
1.5,29,3.528635935,0,0.01124139665,2,1,1
1.5,30,2.620550494,0,0.01160447672,0,1,1
1.5,32,4.915071123,0,0.01131595334,4,0,1
1.5,33,1.137427909,0,0.01181595628,1,1,1
1.5,34,0.06347087378,1,0.01186197486,0,1,1
1.5,35,2.139708201,0,0.01151289765,1,2,1
1.5,36,3.348120001,0,0.01119246295,2,1,1
1.5,37,0.4433913293,1,0.01180916542,0,0,1
1.5,38,4.764072805,0,0.01146325459,3,0,1
1.5,39,1.27355464,0,0.01182707987,0,1,1
1.5,40,1.739131727,0,0.01189563699,1,1,1
1.5,41,1.513871387,0,0.0115882317,0,1,1
1.5,42,0.4589066776,1,0.0124976568,0,0,1
1.5,43,2.245372379,0,0.01194445171,2,2,1
1.5,44,2.591021463,0,0.01076345184,1,2,1
1.5,45,2.080792855,0,0.01146754301,1,1,1
1.5,46,2.43955695,0,0.01122943695,1,1,1
1.5,47,1.413660553,0,0.01155365328,0,1,1
1.5,48,0.9389508898,1,0.01153939776,1,2,1
1.5,49,2.625426401,0,0.01134157495,1,1,1
1.5,50,1.372230211,0,0.01227667974,1,1,1
1.5,51,1.059715701,0,0.01136857506,0,0,1
1.5,52,1.235909402,0,0.01121135809,1,1,1
1.5,53,0.9499020836,1,0.01138881798,1,2,1
1.5,54,0.5267383969,1,0.01246678327,0,0,1
1.5,55,1.46311569,0,0.01153386731,0,1,1
1.5,56,0.5900986633,1,0.01253454732,1,1,1
1.5,57,2.424184814,0,0.01252427159,0,1,1
1.5,58,0.984429156,1,0.01124496406,1,1,1
1.5,59,2.415534702,0,0.01167785591,1,2,1
1.5,60,2.345208712,0,0.01185610738,2,1,1
1.5,61,0.4858830403,1,0.01159149709,1,0,1
1.5,62,0.2598342889,1,0.01176390791,0,1,1
1.5,63,0.9409707357,1,0.01149346283,1,0,1
1.5,64,0.9719357149,1,0.01168801209,0,0,1
1.5,65,2.480365143,0,0.01186389788,1,2,1
1.5,66,3.329061158,0,0.01152490236,1,1,1
1.5,67,0.9937725461,1,0.01183464962,1,2,1
1.5,68,1.099398091,0,0.01088345402,0,2,1
1.5,69,1.478055411,0,0.01167100254,1,1,1
1.5,70,2.6317872,0,0.01142147585,1,1,1
1.5,71,0.6172968757,1,0.01182135916,0,0,1
1.5,72,1.260173186,0,0.01158782266,1,1,1
1.5,73,1.419394814,0,0.01196154665,0,1,1
1.5,74,4.78093091,0,0.01182318348,4,0,1
1.5,75,2.356742898,0,0.01125631426,1,1,1
1.5,76,3.130924847,0,0.01151507282,2,2,1
1.5,77,2.590487577,0,0.01176377453,0,1,1
1.5,78,2.39882844,0,0.01231357758,0,1,1
1.5,79,2.737247572,0,0.01170098858,1,1,1
1.5,80,1.230459709,0,0.01130896677,0,0,1
1.5,81,2.586920374,0,0.01260615539,1,1,1
1.5,82,1.40148371,0,0.01173807344,1,1,1
1.5,83,2.468923997,0,0.01154151494,1,1,1
1.5,84,1.453485892,0,0.01077911291,0,1,1
1.5,85,2.419186945,0,0.01096436751,2,1,1
1.5,86,0.7145109403,1,0.01161135449,1,1,1
1.5,87,2.410531682,0,0.01126797881,2,1,1
1.5,88,0.8943834185,1,0.01183582694,0,0,1
1.5,89,2.351295826,0,0.01205595659,1,1,1
1.5,90,0.5533724817,1,0.011559853,1,1,1
1.5,91,1.334558748,0,0.01235050613,0,1,1
1.5,92,2.022878211,0,0.0112771055,2,1,1
1.5,93,2.215276856,0,0.01259642985,1,1,1
1.5,94,0.8510369284,1,0.01201382207,0,0,1
1.5,95,3.064293379,0,0.01122164848,1,1,1
1.5,96,2.264964597,0,0.01164678491,1,1,1
1.5,97,0.5051716152,1,0.0115296312,0,1,1
1.5,98,3.124225174,0,0.01120966899,1,1,1
1.5,99,4.807246975,0,0.01169041418,4,0,1
1.5,100,1.857053916,0,0.01099484794,1,0,1
1.5,101,0.6536866502,1,0.0120947939,0,0,1
1.5,102,0.6380146795,1,0.01140000735,1,0,1
1.5,103,1.266723252,0,0.01158817746,1,1,1
1.5,104,2.385474823,0,0.01197896062,1,1,1
1.5,105,0.2135196256,1,0.01110126771,0,0,1
1.5,106,1.503786897,0,0.01142862113,2,2,1
1.5,107,1.006656993,0,0.01222346841,1,0,1
1.5,108,4.862589513,0,0.01141320239,4,0,1
1.5,109,0.8910403148,1,0.0110230167,0,0,1
1.5,110,2.534718686,0,0.01131562427,0,1,1
1.5,111,2.967421451,0,0.01205774941,1,1,1
1.5,112,0.8196890253,1,0.01168307406,0,0,1
1.5,113,1.363717612,0,0.01212758629,1,0,1
1.5,114,0.8430496057,1,0.01169182687,0,0,1
1.5,115,1.330620386,0,0.0119940575,1,0,1
1.5,116,1.203894143,0,0.01192158728,0,1,1
1.5,117,1.006442433,0,0.01162737936,1,0,1
1.5,118,2.610455939,0,0.01139165268,1,2,1
1.5,119,2.792088742,0,0.01218952915,2,1,1
1.5,120,2.328478782,0,0.01201971149,0,1,1
1.5,121,1.776966425,0,0.01200015889,1,1,1
1.5,122,3.20546265,0,0.01247192576,1,2,1
1.5,123,1.497379223,0,0.01115458767,0,1,1
1.5,124,3.150039281,0,0.0108424852,2,0,1
1.5,126,2.928179235,0,0.01141292533,2,1,1
1.5,127,1.74019481,0,0.01188472932,1,0,1
1.5,128,1.274083788,0,0.01121464583,0,0,1
1.5,129,1.425596544,0,0.01185282526,0,0,1
1.5,130,2.689191857,0,0.01103189978,0,1,1
1.5,131,1.203117829,0,0.01097004342,1,1,1
1.5,132,2.651551133,0,0.01127896664,2,2,1
1.5,133,0.6160980206,1,0.01186732765,0,1,1
1.5,134,2.474424454,0,0.01217814283,0,1,1
1.5,135,2.012875685,0,0.01226892516,1,2,1
1.5,136,0.7264168002,1,0.01119436685,0,0,1
1.5,138,2.810471301,0,0.01110466523,1,1,1
1.5,139,2.872704788,0,0.011618858,1,1,1
1.5,140,0.8732681171,1,0.01187849125,0,0,1
1.5,141,3.08037602,0,0.01184550182,3,1,1
1.5,142,0.7445942331,1,0.01161936557,0,0,1
1.5,143,1.31018377,0,0.01143698756,1,0,1
1.5,144,1.100356018,0,0.01186600716,0,1,1
1.5,145,0.1071767789,1,0.01137837255,0,1,1
1.5,146,2.746471196,0,0.01142059834,1,1,1
1.5,147,1.172611724,0,0.01144475265,0,1,1
1.5,148,0.7028414452,1,0.01134811192,1,1,1
1.5,149,0.2945365699,1,0.01212638755,0,1,1
1.5,150,2.324217347,0,0.01177443835,1,1,1
1.5,151,0.6756308751,1,0.01117714903,0,0,1
1.5,152,0.561378528,1,0.01228978297,0,1,1
1.5,153,4.096012521,0,0.01143307235,3,1,1
1.5,154,1.432801406,0,0.01149624417,1,1,1
1.5,155,2.334975049,0,0.01170033564,2,2,1
1.5,156,2.207001469,0,0.01089835043,1,1,1
1.5,157,1.340798705,0,0.01161636287,0,1,1
1.5,158,1.333343777,0,0.01171853094,0,1,1
1.5,159,1.820285144,0,0.01157618837,0,1,1
1.5,160,2.284278325,0,0.01238882336,1,1,1
1.5,161,1.389229229,0,0.01198918481,2,1,1
1.5,162,1.184251805,0,0.01121779015,0,1,1
1.5,163,0.5340673071,1,0.01131459626,0,0,1
1.5,165,2.35417574,0,0.01166015667,0,1,1
1.5,166,0.9106391141,1,0.01169952156,0,2,1
1.5,167,0.7775502636,1,0.01116248163,0,0,1
1.5,168,2.35319549,0,0.0121522895,1,1,1
1.5,169,0.202099737,1,0.01123073696,0,1,1
1.5,170,2.324454369,0,0.01199922013,1,1,1
1.5,171,3.078189115,0,0.01159901414,2,1,1
1.5,172,0.8371116875,1,0.01163762127,1,0,1
1.5,173,0.226206116,1,0.01216918499,1,1,1
1.5,174,2.047349273,0,0.01120570884,0,1,1
1.5,175,0.4425545494,1,0.01231055691,1,1,1
1.5,176,2.61432035,0,0.01193517764,1,1,1
1.5,177,0.6971754981,1,0.01143762213,0,0,1
1.5,178,2.225213861,0,0.01193478129,1,1,1
1.5,179,1.707864353,0,0.01107548141,0,1,1
1.5,180,2.776881007,0,0.01203557459,2,1,1
1.5,181,1.256262574,0,0.01031257944,0,0,1
1.5,182,0.5295438014,1,0.01185907753,0,0,1
1.5,183,2.173937461,0,0.01153967844,1,2,1
1.5,184,0.3645840322,1,0.01076244009,0,1,1
1.5,185,1.220730634,0,0.01180122695,1,2,1
1.5,186,3.121270349,0,0.01077676742,1,1,1
1.5,187,0.8410217734,1,0.01230182956,0,0,1
1.5,188,0.6182511814,1,0.01166907065,1,0,1
1.5,189,1.014005218,0,0.01136295142,1,2,1
1.5,190,1.213012549,0,0.01119580091,1,1,1
1.5,191,0.6421632505,1,0.01198028689,0,0,1
1.5,192,0.2505614914,1,0.01107538097,0,1,1
1.5,193,3.554185664,0,0.0113039544,3,1,1
1.5,194,2.361788411,0,0.01189185666,1,1,1
1.5,195,1.117820376,0,0.01189371967,0,0,1
1.5,196,0.1106921743,1,0.01165921257,0,1,1
1.5,197,2.185271962,0,0.01128743049,1,2,1
1.5,198,4.528870355,0,0.01232145745,4,0,1
1.5,199,1.368686275,0,0.01235864325,1,1,1
2.0,0,2.915486134,0,0.01173353762,0,1,1
2.0,1,4.195505219,0,0.0120633535,1,2,1
2.0,2,1.061776219,0,0.01114675476,0,2,1
2.0,3,2.577638864,0,0.01169833353,0,2,1
2.0,4,3.047839007,0,0.01175862172,1,1,1
2.0,5,2.810435077,0,0.01130641941,0,2,1
2.0,6,3.773132754,0,0.01160322499,1,1,1
2.0,7,0.2413624374,1,0.01194560754,0,1,1
2.0,8,2.580973138,0,0.01098918845,0,1,1
2.0,9,5.410808918,0,0.011340044,1,2,1
2.0,10,2.690724138,0,0.01177286186,1,1,1
2.0,11,2.780239462,0,0.0114725504,0,1,1
2.0,12,3.99269783,0,0.0112791428,1,1,1
2.0,13,5.605118668,0,0.01117413009,2,1,1
2.0,14,4.725312734,0,0.01056962944,1,2,1
2.0,15,1.308136853,0,0.01194550317,0,1,1
2.0,16,0.1640974139,1,0.01084632798,0,1,1
2.0,17,2.864106184,0,0.01170671204,0,1,1
2.0,18,0.4570706481,1,0.01159099473,0,1,1
2.0,19,1.417524402,0,0.01152233558,0,1,1
2.0,20,2.213923627,0,0.01230071522,0,2,1
2.0,21,1.591534654,0,0.01115099576,0,0,1
2.0,22,5.256592289,0,0.01158522536,1,2,1
2.0,23,0.808548977,1,0.01136428685,0,0,1
2.0,24,3.60164383,0,0.01168126924,0,2,1
2.0,25,5.326018778,0,0.01126043056,0,2,1
2.0,26,1.677811647,0,0.01134785591,0,0,1
2.0,27,2.727966041,0,0.01132966693,0,1,1
2.0,28,5.545879452,0,0.01116880493,1,2,1
2.0,29,5.31165994,0,0.01124139665,0,2,1
2.0,30,3.743483645,0,0.01160447672,1,1,1
2.0,31,2.20969726,0,0.01152528026,0,2,1
2.0,32,5.631246182,0,0.01131595334,1,1,1
2.0,33,1.089069725,0,0.01181595628,0,1,1
2.0,34,0.06347070178,1,0.01186197486,0,1,1
2.0,35,5.091328909,0,0.01151289765,1,3,1
2.0,36,4.177209819,0,0.01119246295,2,1,1
2.0,37,0.06294420969,1,0.01180916542,0,1,1
2.0,38,5.950122173,0,0.01146325459,1,1,1
2.0,39,1.273554948,0,0.01182707987,0,1,1
2.0,40,4.374596511,0,0.01189563699,1,2,1
2.0,41,1.513871378,0,0.0115882317,0,1,1
2.0,42,0.4589065373,1,0.0124976568,0,0,1
2.0,43,3.642236135,0,0.01194445171,1,3,1
2.0,44,2.983122352,0,0.01076345184,0,2,1
2.0,45,2.301981762,0,0.01146754301,0,1,1
2.0,46,2.471067358,0,0.01122943695,0,1,1
2.0,47,1.413660177,0,0.01155365328,0,1,1
2.0,48,0.9439512495,1,0.01153939776,0,2,1
2.0,49,2.550299193,0,0.01134157495,0,1,1
2.0,50,1.650928687,0,0.01227667974,0,2,1
2.0,51,0.4582310556,1,0.01136857506,0,1,1
2.0,52,1.186578536,0,0.01121135809,1,1,1
2.0,54,2.383469876,0,0.01246678327,0,1,1
2.0,55,1.46311569,0,0.01153386731,0,1,1
2.0,56,0.7670739254,1,0.01253454732,0,1,1
2.0,57,2.424184929,0,0.01252427159,0,1,1
2.0,58,3.368923418,0,0.01124496406,1,2,1
2.0,59,2.565190074,0,0.01167785591,0,2,1
2.0,60,3.505570154,0,0.01185610738,0,2,1
2.0,61,0.5170499274,1,0.01159149709,1,0,1
2.0,62,0.2598342889,1,0.01176390791,0,1,1
2.0,63,0.9404087896,1,0.01149346283,0,0,1
2.0,64,0.9719357149,1,0.01168801209,0,0,1
2.0,65,0.9350491091,1,0.01186389788,0,2,1
2.0,66,4.310251435,0,0.01152490236,1,1,1
2.0,67,1.081674777,0,0.01183464962,0,2,1
2.0,68,4.118204691,0,0.01088345402,0,3,1
2.0,69,1.869704071,0,0.01167100254,0,1,1
2.0,70,2.753606082,0,0.01142147585,0,1,1
2.0,71,0.6172966387,1,0.01182135916,0,0,1
2.0,72,1.223313149,0,0.01158782266,1,1,1
2.0,73,3.690250286,0,0.01196154665,0,2,1
2.0,74,4.968111508,0,0.01182318348,1,1,1
2.0,75,2.208815864,0,0.01125631426,0,1,1
2.0,76,3.120165596,0,0.01151507282,0,2,1
2.0,77,2.590487536,0,0.01176377453,0,1,1
2.0,78,2.398828519,0,0.01231357758,0,1,1
2.0,79,3.391262538,0,0.01170098858,0,1,1
2.0,80,1.230459836,0,0.01130896678,0,0,1
2.0,81,2.969821997,0,0.01260615539,0,1,1
2.0,82,4.111298915,0,0.01173807344,1,2,1
2.0,83,3.781971461,0,0.01154151494,0,2,1
2.0,84,1.453485894,0,0.01077911291,0,1,1
2.0,85,2.249350124,0,0.01096436751,1,1,1
2.0,86,2.969676794,0,0.01161135449,0,2,1
2.0,87,2.325813955,0,0.01126797881,0,1,1
2.0,88,0.894383425,1,0.01183582694,0,0,1
2.0,89,3.939208546,0,0.01205595659,0,2,1
2.0,90,1.47119618,0,0.011559853,0,2,1
2.0,91,1.334559158,0,0.01235050613,0,1,1
2.0,92,1.971077868,0,0.0112771055,0,1,1
2.0,93,3.36964418,0,0.01259642985,0,2,1
2.0,94,0.8510368069,1,0.01201382207,0,0,1
2.0,95,3.845559089,0,0.01122164848,1,1,1
2.0,96,2.103862525,0,0.01164678491,1,1,1
2.0,97,0.5051714603,1,0.0115296312,0,1,1
2.0,98,3.317184319,0,0.01120966899,0,1,1
2.0,99,5.411430579,0,0.01169041418,1,1,1
2.0,100,2.797099721,0,0.01099484794,0,0,1
2.0,101,0.6536864363,1,0.0120947939,0,0,1
2.0,102,1.912823038,0,0.01140000735,0,2,1
2.0,103,1.214099812,0,0.01158817746,1,1,1
2.0,104,4.786867774,0,0.01197896062,1,1,1
2.0,105,0.2135202039,1,0.01110126771,0,0,1
2.0,106,1.539747215,0,0.01142862113,0,2,1
2.0,107,1.025464225,0,0.01222346841,0,0,1
2.0,108,5.369216086,0,0.01141320239,1,1,1
2.0,109,0.8910403157,1,0.0110230167,0,0,1
2.0,110,2.534718851,0,0.01131562427,0,1,1
2.0,111,3.186192255,0,0.01205774941,0,1,1
2.0,112,0.8196890275,1,0.01168307406,0,0,1
2.0,113,1.649731006,0,0.01212758629,0,0,1
2.0,114,0.8430498737,1,0.01169182687,0,0,1
2.0,115,1.309351421,0,0.0119940575,0,0,1
2.0,116,1.203894197,0,0.01192158728,0,1,1
2.0,117,1.109276354,0,0.01162737936,1,0,1
2.0,118,2.49159061,0,0.01139165268,0,2,1
2.0,119,2.890426796,0,0.01218952915,1,1,1
2.0,120,3.117229723,0,0.01201971149,0,2,1
2.0,121,1.704174893,0,0.01200015889,0,1,1
2.0,122,3.178358233,0,0.01247192576,0,2,1
2.0,123,1.497379145,0,0.01115458767,0,1,1
2.0,124,5.970266153,0,0.0108424852,2,1,1
2.0,125,2.66894143,0,0.01205914888,0,2,1
2.0,126,3.057971844,0,0.01141292533,0,1,1
2.0,127,2.284008861,0,0.01188472932,0,0,1
2.0,128,1.274083839,0,0.01121464583,0,0,1
2.0,129,1.425596246,0,0.01185282526,0,0,1
2.0,130,2.689191857,0,0.01103189978,0,1,1
2.0,131,1.137500048,0,0.01097004342,1,1,1
2.0,132,3.159412694,0,0.01127896664,0,2,1
2.0,133,0.6160980206,1,0.01186732765,0,1,1
2.0,134,2.474424388,0,0.01217814283,0,1,1
2.0,135,2.113112571,0,0.01226892516,0,2,1
2.0,136,0.7264171121,1,0.01119436685,0,0,1
2.0,137,4.00215711,0,0.01203426975,0,2,1
2.0,138,5.448568735,0,0.01110466523,0,2,1
2.0,139,3.505164803,0,0.011618858,1,1,1
2.0,140,0.8732678648,1,0.01187849125,0,0,1
2.0,141,3.990534026,0,0.01184550182,1,2,1
2.0,142,5.273604257,0,0.01161936557,0,1,1
2.0,143,2.210890506,0,0.01143698756,1,0,1
2.0,144,1.100356008,0,0.01186600716,0,1,1
2.0,145,0.1071767789,1,0.01137837255,0,1,1
2.0,146,5.416967606,0,0.01142059834,1,2,1
2.0,147,1.172611946,0,0.01144475265,0,1,1
2.0,148,0.7742706781,1,0.01134811192,0,1,1
2.0,149,0.8869917751,1,0.01212638755,0,2,1
2.0,150,2.267876047,0,0.01177443835,1,1,1
2.0,151,0.6756309069,1,0.01117714903,0,0,1
2.0,152,4.982215388,0,0.01228978297,1,1,1
2.0,153,4.391439147,0,0.01143307235,1,2,1
2.0,154,4.016479561,0,0.01149624417,0,2,1
2.0,155,3.214055571,0,0.01170033564,0,3,1
2.0,156,2.483747144,0,0.01089835043,0,1,1
2.0,157,3.46208863,0,0.01161636287,0,1,1
2.0,158,1.333343666,0,0.01171853094,0,1,1
2.0,159,1.820285407,0,0.01157618837,0,1,1
2.0,160,3.358283203,0,0.01238882336,0,2,1
2.0,161,1.827219673,0,0.01198918481,1,1,1
2.0,162,1.184251716,0,0.01121779015,0,1,1
2.0,163,0.5340673382,1,0.01131459626,0,0,1
2.0,164,3.27991387,0,0.01148894404,0,2,1
2.0,165,2.267292357,0,0.01166015667,0,2,1
2.0,166,0.9106390724,1,0.01169952156,0,2,1
2.0,167,0.7775502488,1,0.01116248163,0,0,1
2.0,168,2.410362235,0,0.0121522895,0,1,1
2.0,169,0.2020996112,1,0.01123073696,0,1,1
2.0,170,2.77921783,0,0.01199922013,0,1,1
2.0,171,4.669258296,0,0.01159901414,0,2,1
2.0,172,0.8148992702,1,0.01163762127,1,0,1
2.0,173,0.427001017,1,0.01216918499,0,1,1
2.0,174,4.181876604,0,0.01120570884,0,2,1
2.0,175,2.652666966,0,0.01231055691,1,2,1
2.0,176,3.015503888,0,0.01193517764,1,2,1
2.0,177,6.33461855,0,0.01143762213,1,1,1
2.0,178,2.186238894,0,0.01193478129,0,1,1
2.0,179,1.707864179,0,0.01107548141,0,1,1
2.0,180,3.224720234,0,0.01203557459,0,1,1
2.0,181,1.256262715,0,0.01031257944,0,0,1
2.0,182,5.073183952,0,0.01185907753,2,1,1
2.0,183,2.20207401,0,0.01153967844,0,2,1
2.0,184,0.3645844078,1,0.01076244009,0,1,1
2.0,185,2.13137086,0,0.01180122695,1,2,1
2.0,186,6.133970019,0,0.01077676742,2,1,1
2.0,187,0.8410219778,1,0.01230182956,0,0,1
2.0,188,0.6668887102,1,0.01166907065,0,0,1
2.0,189,3.995184352,0,0.01136295142,1,3,1
2.0,190,1.20750351,0,0.01119580091,0,1,1
2.0,191,0.6421631348,1,0.01198028689,0,0,1
2.0,192,0.2505615209,1,0.01107538097,0,1,1
2.0,193,3.76637053,0,0.0113039544,0,2,1
2.0,194,2.401591503,0,0.01189185666,0,1,1
2.0,195,1.117820659,0,0.01189371967,0,0,1
2.0,196,0.1106921038,1,0.01165921257,0,1,1
2.0,197,2.438506497,0,0.01128743049,0,2,1
2.0,198,5.346866151,0,0.01232145745,1,1,1
2.0,199,1.281680913,0,0.01235864325,1,1,1
3.0,0,2.915486128,0,0.01173353762,0,1,1
3.0,1,4.152782032,0,0.0120633535,0,2,1
3.0,2,1.061776219,0,0.01114675476,0,2,1
3.0,3,2.577638703,0,0.01169833353,0,2,1
3.0,4,3.276342823,0,0.01175862172,0,1,1
3.0,5,2.810434958,0,0.01130641941,0,2,1
3.0,6,4.153613892,0,0.01160322499,0,1,1
3.0,7,0.2413623666,1,0.01194560754,0,1,1
3.0,8,2.585046465,0,0.01098918845,0,2,1
3.0,9,6.652383258,0,0.011340044,0,3,1
3.0,10,3.655721451,0,0.01177286186,1,2,1
3.0,11,2.780239581,0,0.0114725504,0,1,1
3.0,12,4.03976191,0,0.0112791428,0,1,1
3.0,13,5.413847039,0,0.01117413009,0,1,1
3.0,14,5.664760227,0,0.01056962944,0,3,1
3.0,15,1.308136415,0,0.01194550317,0,1,1
3.0,16,0.1640968866,1,0.01084632798,0,1,1
3.0,17,2.864105866,0,0.01170671204,0,1,1
3.0,18,0.4570708663,1,0.01159099473,0,1,1
3.0,19,1.41752449,0,0.01152233558,0,1,1
3.0,20,2.213923732,0,0.01230071522,0,2,1
3.0,21,1.591534421,0,0.01115099576,0,0,1
3.0,22,5.205562244,0,0.01158522536,0,3,1
3.0,23,0.8085497126,1,0.01136428685,0,0,1
3.0,24,3.60164359,0,0.01168126924,0,2,1
3.0,25,5.32601874,0,0.01126043056,0,2,1
3.0,26,1.677811953,0,0.01134785591,0,0,1
3.0,27,2.727966044,0,0.01132966693,0,1,1
3.0,28,5.752137384,0,0.01116880493,0,2,1
3.0,29,5.311659935,0,0.01124139665,0,2,1
3.0,30,5.052053361,0,0.01160447672,0,1,1
3.0,31,2.209697805,0,0.01152528026,0,2,1
3.0,32,5.882889019,0,0.01131595334,0,1,1
3.0,33,1.089069786,0,0.01181595628,0,1,1
3.0,34,0.06347080859,1,0.01186197486,0,1,1
3.0,35,5.236330168,0,0.01151289765,0,3,1
3.0,36,4.71881156,0,0.01119246295,0,1,1
3.0,37,0.06294413963,1,0.01180916542,0,1,1
3.0,38,6.299819219,0,0.01146325459,0,1,1
3.0,39,1.273554981,0,0.01182707987,0,1,1
3.0,40,6.009021011,0,0.01189563699,0,2,1
3.0,41,1.513871251,0,0.0115882317,0,1,1
3.0,42,0.4589065373,1,0.0124976568,0,0,1
3.0,43,3.817672032,0,0.01194445171,0,3,1
3.0,44,2.98312221,0,0.01076345184,0,2,1
3.0,45,1.906286142,0,0.01146754301,0,2,1
3.0,46,2.471067474,0,0.01122943695,0,1,1
3.0,47,1.413659887,0,0.01155365328,0,1,1
3.0,48,0.9439511584,1,0.01153939776,0,2,1
3.0,49,2.550299488,0,0.01134157495,0,1,1
3.0,50,1.650928871,0,0.01227667974,0,2,1
3.0,51,0.4582306225,1,0.01136857506,0,1,1
3.0,52,1.256935346,0,0.01121135809,0,1,1
3.0,53,3.559838333,0,0.01138881798,0,3,1
3.0,54,2.383469778,0,0.01246678327,0,1,1
3.0,55,1.46311569,0,0.01153386731,0,1,1
3.0,56,3.069959186,0,0.01253454732,0,2,1
3.0,57,2.424184929,0,0.01252427159,0,1,1
3.0,58,4.484240803,0,0.01124496406,0,2,1
3.0,59,2.565189788,0,0.01167785591,0,2,1
3.0,60,6.076193672,0,0.01185610738,0,3,1
3.0,61,0.8402989487,1,0.01159149709,0,0,1
3.0,62,0.2598342889,1,0.01176390791,0,1,1
3.0,63,0.9404085582,1,0.01149346283,0,0,1
3.0,64,0.9719357149,1,0.01168801209,0,0,1
3.0,65,0.9350491078,1,0.01186389788,0,2,1
3.0,66,5.610898884,0,0.01152490236,0,1,1
3.0,67,1.0816747,0,0.01183464962,0,2,1
3.0,68,4.118204647,0,0.01088345402,0,3,1
3.0,69,1.869704071,0,0.01167100254,0,1,1
3.0,70,2.753605838,0,0.01142147585,0,1,1
3.0,71,0.6172967544,1,0.01182135916,0,0,1
3.0,72,1.283174713,0,0.01158782266,0,1,1
3.0,73,1.419394908,0,0.01196154665,0,1,1
3.0,74,4.9081851,0,0.01182318348,0,1,1
3.0,75,2.208816005,0,0.01125631426,0,1,1
3.0,76,3.120165275,0,0.01151507282,0,2,1
3.0,77,2.590487437,0,0.01176377453,0,1,1
3.0,78,2.398828902,0,0.01231357758,0,1,1
3.0,79,3.391262582,0,0.01170098858,0,1,1
3.0,80,1.230459703,0,0.01130896678,0,0,1
3.0,81,2.969821629,0,0.01260615539,0,1,1
3.0,82,4.335975463,0,0.01173807344,0,2,1
3.0,83,3.781971101,0,0.01154151494,0,2,1
3.0,84,1.453485961,0,0.01077911291,0,1,1
3.0,85,2.266206102,0,0.01096436751,0,1,1
3.0,86,2.969677925,0,0.01161135449,0,2,1
3.0,87,2.32581423,0,0.01126797881,0,1,1
3.0,88,0.8943832588,1,0.01183582694,0,0,1
3.0,89,3.939208518,0,0.01205595659,0,2,1
3.0,90,1.471197152,0,0.011559853,0,2,1
3.0,91,1.334558859,0,0.01235050613,0,1,1
3.0,92,1.971078082,0,0.0112771055,0,1,1
3.0,93,2.38763361,0,0.01259642985,0,1,1
3.0,94,0.8510368954,1,0.01201382207,0,0,1
3.0,95,5.71825619,0,0.01122164848,0,1,1
3.0,96,2.256696852,0,0.01164678491,0,1,1
3.0,97,0.5051713086,1,0.0115296312,0,1,1
3.0,98,3.317184675,0,0.01120966899,0,1,1
3.0,99,6.211526229,0,0.01169041418,0,1,1
3.0,100,2.797099682,0,0.01099484794,0,0,1
3.0,101,0.6536864204,1,0.0120947939,0,0,1
3.0,102,1.912823229,0,0.01140000735,0,2,1
3.0,103,1.224371894,0,0.01158817746,0,1,1
3.0,104,5.546597848,0,0.01197896062,0,3,1
3.0,105,0.2135194912,1,0.01110126771,0,0,1
3.0,106,1.539747308,0,0.01142862113,0,2,1
3.0,107,1.025464225,0,0.01222346841,0,0,1
3.0,108,5.293405563,0,0.01141320239,0,1,1
3.0,109,0.8910400842,1,0.0110230167,0,0,1
3.0,110,2.534718777,0,0.01131562427,0,1,1
3.0,111,3.186192376,0,0.01205774941,0,1,1
3.0,112,0.8196889571,1,0.01168307406,0,0,1
3.0,113,1.649730953,0,0.01212758629,0,0,1
3.0,114,2.722909601,0,0.01169182687,0,1,1
3.0,115,1.309351298,0,0.0119940575,0,0,1
3.0,116,1.203894197,0,0.01192158728,0,1,1
3.0,117,1.695831458,0,0.01162737936,0,0,1
3.0,118,2.491590642,0,0.01139165268,0,2,1
3.0,119,2.864917496,0,0.01218952915,0,1,1
3.0,120,3.1172296,0,0.01201971149,0,2,1
3.0,121,1.704175254,0,0.01200015889,0,1,1
3.0,122,3.178358195,0,0.01247192576,0,2,1
3.0,123,1.497379145,0,0.01115458767,0,1,1
3.0,124,7.143096796,0,0.0108424852,1,1,1
3.0,125,2.668941293,0,0.01205914888,0,2,1
3.0,126,3.057972068,0,0.01141292533,0,1,1
3.0,127,2.284009265,0,0.01188472932,0,0,1
3.0,128,1.2740837,0,0.01121464583,0,0,1
3.0,129,1.425596554,0,0.01185282526,0,0,1
3.0,130,2.689191777,0,0.01103189978,0,1,1
3.0,131,1.14208058,0,0.01097004342,0,1,1
3.0,132,3.159412519,0,0.01127896664,0,2,1
3.0,133,0.6160988161,1,0.01186732765,0,1,1
3.0,134,2.474424442,0,0.01217814283,0,1,1
3.0,135,2.113112706,0,0.01226892516,0,2,1
3.0,136,1.504826867,0,0.01119436685,0,1,1
3.0,137,4.002157037,0,0.01203426975,0,2,1
3.0,138,5.448568525,0,0.01110466523,0,2,1
3.0,139,5.812909369,0,0.011618858,0,2,1
3.0,140,0.8732679851,1,0.01187849125,0,0,1
3.0,141,3.999722348,0,0.01184550182,0,2,1
3.0,142,5.273604777,0,0.01161936557,0,1,1
3.0,143,4.540026743,0,0.01143698756,1,0,1
3.0,144,1.100355978,0,0.01186600716,0,1,1
3.0,145,0.1071769652,1,0.01137837255,0,1,1
3.0,146,5.53384214,0,0.01142059834,0,2,1
3.0,147,1.17261177,0,0.01144475265,0,1,1
3.0,148,0.7742706781,1,0.01134811192,0,1,1
3.0,149,0.8869916489,1,0.01212638755,0,2,1
3.0,150,2.318926495,0,0.01177443835,0,1,1
3.0,151,0.6756310513,1,0.01117714903,0,0,1
3.0,152,5.577711611,0,0.01228978297,0,1,1
3.0,153,9.375316298,0,0.01143307235,2,2,1
3.0,154,4.016479832,0,0.01149624417,0,2,1
3.0,155,3.214055571,0,0.01170033564,0,3,1
3.0,156,2.483745423,0,0.01089835043,0,1,1
3.0,157,3.864960534,0,0.01161636287,0,2,1
3.0,158,1.333343707,0,0.01171853094,0,1,1
3.0,159,1.820285247,0,0.01157618837,0,1,1
3.0,160,3.358283119,0,0.01238882336,0,2,1
3.0,161,2.215012816,0,0.01198918481,1,1,1
3.0,162,1.184251793,0,0.01121779015,0,1,1
3.0,163,0.5340673122,1,0.01131459626,0,0,1
3.0,164,3.27991403,0,0.01148894404,0,2,1
3.0,165,2.267294319,0,0.01166015667,0,2,1
3.0,166,0.9106390724,1,0.01169952156,0,2,1
3.0,167,0.7775511986,1,0.01116248163,0,0,1
3.0,168,2.410362176,0,0.0121522895,0,1,1
3.0,169,0.2020996334,1,0.01123073696,0,1,1
3.0,170,2.77921783,0,0.01199922013,0,1,1
3.0,171,4.669258246,0,0.01159901414,0,2,1
3.0,172,0.9973232176,1,0.01163762127,0,0,1
3.0,173,0.4270004603,1,0.01216918499,0,1,1
3.0,174,4.181876554,0,0.01120570884,0,2,1
3.0,175,6.611712761,0,0.01231055691,0,4,1
3.0,176,3.900708555,0,0.01193517764,0,2,1
3.0,177,6.545660049,0,0.01143762213,0,1,1
3.0,178,2.186238892,0,0.01193478129,0,1,1
3.0,179,1.707864179,0,0.01107548141,0,1,1
3.0,180,3.224719819,0,0.01203557459,0,1,1
3.0,181,1.256262649,0,0.01031257944,0,0,1
3.0,182,5.823879773,0,0.01185907753,0,1,1
3.0,183,2.20207401,0,0.01153967844,0,2,1
3.0,184,0.364584412,1,0.01076244009,0,1,1
3.0,185,2.306751778,0,0.01180122695,0,2,1
3.0,186,7.794073771,0,0.01077676742,0,1,1
3.0,187,0.8410217734,1,0.01230182956,0,0,1
3.0,188,0.6668887102,1,0.01166907065,0,0,1
3.0,189,4.063408346,0,0.01136295142,0,3,1
3.0,190,1.207503515,0,0.01119580091,0,1,1
3.0,191,0.6421631584,1,0.01198028689,0,0,1
3.0,192,0.2505613425,1,0.01107538097,0,1,1
3.0,193,3.766370315,0,0.0113039544,0,2,1
3.0,194,2.40159154,0,0.01189185666,0,1,1
3.0,195,1.117820654,0,0.01189371967,0,0,1
3.0,196,0.1106922569,1,0.01165921257,0,1,1
3.0,197,2.438506736,0,0.01128743049,0,2,1
3.0,198,5.374581941,0,0.01232145745,0,1,1
3.0,199,1.704419543,0,0.01235864325,1,1,1
